{
  "high_water": {
    "MAJ-001": 1907.58,
    "MAJ-002": 65545.4,
    "MEME-001": 0.2195,
    "LEV-001": 1907.58
  },
  "last_alert": {
    "MEME-001:tp1": 1784226116.3663232,
    "MEME-001:move": 1784509677.8955944,
    "MAJ-001:nearstop": 1784301378.2474854,
    "LEV-001:nearstop": 1784301378.2475195
  },
  "ratchet_done": {},
  "ohlc_last_ts": {
    "BTC": 1784590440,
    "ETH": 1784590440,
    "SOL": 1784590440
  }
}