{
  "high_water": {
    "MAJ-001": 1877.78,
    "MAJ-002": 64444.6,
    "MEME-001": 0.2184,
    "LEV-001": 1877.78
  },
  "last_alert": {
    "MEME-001:tp1": 1784226116.3663232,
    "MEME-001:move": 1784262134.4050891,
    "MAJ-001:nearstop": 1784296583.5318408,
    "LEV-001:nearstop": 1784296583.5318756
  },
  "ratchet_done": {},
  "ohlc_last_ts": {
    "BTC": 1784296500,
    "ETH": 1784296500,
    "SOL": 1784296500
  }
}