{
  "high_water": {
    "MAJ-001": 1922.51,
    "MAJ-002": 65545.4,
    "MEME-001": 0.2195,
    "LEV-001": 1922.51
  },
  "last_alert": {
    "MEME-001:tp1": 1784226116.3663232,
    "MEME-001:move": 1784509677.8955944,
    "MAJ-001:nearstop": 1784301378.2474854,
    "LEV-001:nearstop": 1784301378.2475195
  },
  "ratchet_done": {},
  "ohlc_last_ts": {
    "BTC": 1784607900,
    "ETH": 1784607900,
    "SOL": 1784607900
  }
}